OFSServer__Name__c,OFSServer__Type__c,OFSServer__OrganizationId__c,OFSServer__MetadataLog__r.Name,OFSServer__LastModifiedById__c,OFSServer__LastModifiedByName__c,OFSServer__LastModifiedDate__c
Case,Workflow,00D280000015PQhEAM,MD-0001013,00528000001G5rYAAS,srikanth nedamanuri,1970-01-02T05:30:00+0530
OpportunityLineItem,Workflow,00D280000015PQhEAM,MD-0001013,00528000001G5rYAAS,srikanth nedamanuri,1970-01-02T05:30:00+0530
ExchangeUserMapping,Workflow,00D280000015PQhEAM,MD-0001013,00528000001G5rYAAS,srikanth nedamanuri,1970-01-02T05:30:00+0530
ASAClient__MetadataLogInformation__c,Workflow,00D280000015PQhEAM,MD-0001013,00528000001G5rYAAS,srikanth nedamanuri,2015-10-27T10:26:55+0530
UserLicense,Workflow,00D280000015PQhEAM,MD-0001013,00528000001G5rYAAS,srikanth nedamanuri,1970-01-02T05:30:00+0530
CampaignMember,Workflow,00D280000015PQhEAM,MD-0001013,00528000001G5rYAAS,srikanth nedamanuri,1970-01-02T05:30:00+0530
testsri__c,Workflow,00D280000015PQhEAM,MD-0001013,00528000001G5rYAAS,srikanth nedamanuri,2016-07-13T05:10:44+0530
client1_customobject__c,Workflow,00D280000015PQhEAM,MD-0001013,00528000001G5rYAAS,srikanth nedamanuri,2015-10-22T09:43:06+0530
MacroInstruction,Workflow,00D280000015PQhEAM,MD-0001013,00528000001G5rYAAS,srikanth nedamanuri,1970-01-02T05:30:00+0530
Idea,Workflow,00D280000015PQhEAM,MD-0001013,00528000001G5rYAAS,srikanth nedamanuri,1970-01-02T05:30:00+0530
Contact,Workflow,00D280000015PQhEAM,MD-0001013,00528000001G5rYAAS,srikanth nedamanuri,1970-01-02T05:30:00+0530
ASAClient__DeploymentSettingClient__c,Workflow,00D280000015PQhEAM,MD-0001013,00528000001G5rYAAS,srikanth nedamanuri,2015-10-27T10:26:47+0530
Asset,Workflow,00D280000015PQhEAM,MD-0001013,00528000001G5rYAAS,srikanth nedamanuri,1970-01-02T05:30:00+0530
MacroAction,Workflow,00D280000015PQhEAM,MD-0001013,00528000001G5rYAAS,srikanth nedamanuri,1970-01-02T05:30:00+0530
StreamingChannel,Workflow,00D280000015PQhEAM,MD-0001013,00528000001G5rYAAS,srikanth nedamanuri,1970-01-02T05:30:00+0530
DuplicateRecordSet,Workflow,00D280000015PQhEAM,MD-0001013,00528000001G5rYAAS,srikanth nedamanuri,1970-01-02T05:30:00+0530
SFDC_Bug2Case__c,Workflow,00D280000015PQhEAM,MD-0001013,00528000001G5rYAAS,srikanth nedamanuri,2015-10-28T03:22:13+0530
ASAClient__PackageInformation__c,Workflow,00D280000015PQhEAM,MD-0001013,00528000001G5rYAAS,srikanth nedamanuri,2015-10-27T10:26:55+0530
test__c,Workflow,00D280000015PQhEAM,MD-0001013,00528000001G5rYAAS,srikanth nedamanuri,2016-06-01T02:32:52+0530
DuplicateRecordItem,Workflow,00D280000015PQhEAM,MD-0001013,00528000001G5rYAAS,srikanth nedamanuri,1970-01-02T05:30:00+0530
OrderItem,Workflow,00D280000015PQhEAM,MD-0001013,00528000001G5rYAAS,srikanth nedamanuri,1970-01-02T05:30:00+0530
SocialPersona,Workflow,00D280000015PQhEAM,MD-0001013,00528000001G5rYAAS,srikanth nedamanuri,1970-01-02T05:30:00+0530
Opportunity,Workflow,00D280000015PQhEAM,MD-0001013,00528000001G5rYAAS,srikanth nedamanuri,1970-01-02T05:30:00+0530
UserProvisioningRequest,Workflow,00D280000015PQhEAM,MD-0001013,00528000001G5rYAAS,srikanth nedamanuri,1970-01-02T05:30:00+0530
ASAClient__MetadataDescriptionInformation__c,Workflow,00D280000015PQhEAM,MD-0001013,00528000001G5rYAAS,srikanth nedamanuri,2015-10-27T10:26:55+0530
test1__c,Workflow,00D280000015PQhEAM,MD-0001013,00528000001G5rYAAS,srikanth nedamanuri,2016-06-01T02:34:54+0530
Event,Workflow,00D280000015PQhEAM,MD-0001013,00528000001G5rYAAS,srikanth nedamanuri,1970-01-02T05:30:00+0530
Order,Workflow,00D280000015PQhEAM,MD-0001013,00528000001G5rYAAS,srikanth nedamanuri,1970-01-02T05:30:00+0530
ASAClient__DeploymentDetailsInformation__c,Workflow,00D280000015PQhEAM,MD-0001013,00528000001G5rYAAS,srikanth nedamanuri,2015-10-27T10:26:55+0530
Organization,Workflow,00D280000015PQhEAM,MD-0001013,00528000001G5rYAAS,srikanth nedamanuri,1970-01-02T05:30:00+0530
EmailMessage,Workflow,00D280000015PQhEAM,MD-0001013,00528000001G5rYAAS,srikanth nedamanuri,1970-01-02T05:30:00+0530
AssistantProgress,Workflow,00D280000015PQhEAM,MD-0001013,00528000001G5rYAAS,srikanth nedamanuri,1970-01-02T05:30:00+0530
Site,Workflow,00D280000015PQhEAM,MD-0001013,00528000001G5rYAAS,srikanth nedamanuri,1970-01-02T05:30:00+0530
Contract,Workflow,00D280000015PQhEAM,MD-0001013,00528000001G5rYAAS,srikanth nedamanuri,1970-01-02T05:30:00+0530
Campaign,Workflow,00D280000015PQhEAM,MD-0001013,00528000001G5rYAAS,srikanth nedamanuri,1970-01-02T05:30:00+0530
SFDC_Bug__c,Workflow,00D280000015PQhEAM,MD-0001013,00528000001G5rYAAS,srikanth nedamanuri,2015-10-28T03:22:13+0530
Product2,Workflow,00D280000015PQhEAM,MD-0001013,00528000001G5rYAAS,srikanth nedamanuri,1970-01-02T05:30:00+0530
Solution,Workflow,00D280000015PQhEAM,MD-0001013,00528000001G5rYAAS,srikanth nedamanuri,1970-01-02T05:30:00+0530
Lead,Workflow,00D280000015PQhEAM,MD-0001013,00528000001G5rYAAS,srikanth nedamanuri,1970-01-02T05:30:00+0530
SFDC_Project__c,Workflow,00D280000015PQhEAM,MD-0001013,00528000001G5rYAAS,srikanth nedamanuri,2015-10-28T03:22:14+0530
Task,Workflow,00D280000015PQhEAM,MD-0001013,00528000001G5rYAAS,srikanth nedamanuri,1970-01-02T05:30:00+0530
ASAClient__ReleaseInformation__c,Workflow,00D280000015PQhEAM,MD-0001013,00528000001G5rYAAS,srikanth nedamanuri,2015-10-27T10:26:55+0530
Macro,Workflow,00D280000015PQhEAM,MD-0001013,00528000001G5rYAAS,srikanth nedamanuri,1970-01-02T05:30:00+0530
ASAClient__PackageComponentInformation__c,Workflow,00D280000015PQhEAM,MD-0001013,00528000001G5rYAAS,srikanth nedamanuri,2015-10-27T10:26:55+0530
User,Workflow,00D280000015PQhEAM,MD-0001013,00528000001G5rYAAS,srikanth nedamanuri,1970-01-02T05:30:00+0530
SFDC_Release__c,Workflow,00D280000015PQhEAM,MD-0001013,00528000001G5rYAAS,srikanth nedamanuri,2015-10-28T03:22:14+0530
DandBCompany,Workflow,00D280000015PQhEAM,MD-0001013,00528000001G5rYAAS,srikanth nedamanuri,1970-01-02T05:30:00+0530
Account,Workflow,00D280000015PQhEAM,MD-0001013,00528000001G5rYAAS,srikanth nedamanuri,1970-01-02T05:30:00+0530
FeedItem,Workflow,00D280000015PQhEAM,MD-0001013,00528000001G5rYAAS,srikanth nedamanuri,1970-01-02T05:30:00+0530
